Instance_Index,Instance_Index,FIPS,County_Name,State,SHELDUS_Event,sufficiency_Transition,sufficiency_Reddit,sufficiency_News
2,2,06091,Sierra,CALIFORNIA,Wildfires_2017_CA,0.0,0.0,0.0
3,3,39063,Hancock,OHIO,Flooding:Severe_Weather_2017_April:May_Midwest:Central:Southeast,0.0,0.0,0.0
5,5,51121,Montgomery,VIRGINIA,Flooding:Severe_Weather_2017_April:May_Midwest:Central:Southeast,0.0037037037037037043,0.0011111111111111111,0.0
24,24,17025,Clay,ILLINOIS,Flooding:Severe_Weather_2017_April:May_Midwest:Central:Southeast,0.0032098765432098768,0.0022222222222222222,0.003333333333333333
25,25,48391,Refugio,TEXAS,Hurricane_2017_Harvey,0.0,0.0,0.0
26,26,13273,Terrell,GEORGIA,Hurricane_2017_Irma,0.004074074074074075,0.0022222222222222222,0.0022222222222222222
27,27,13273,Terrell,GEORGIA,Tornadoes_2017_South:Southeast,0.0,0.0,0.0
33,33,13193,Macon,GEORGIA,Tornadoes_2017_South:Southeast,0.0,0.0,0.0
34,34,21209,Scott,KENTUCKY,Flooding:Severe_Weather_2017_April:May_Midwest:Central:Southeast,0.0037037037037037043,0.0044444444444444444,0.006666666666666666
35,35,45023,Chester,SOUTH CAROLINA,Flooding:Severe_Weather_2017_April:May_Midwest:Central:Southeast,0.0035802469135802475,0.003333333333333333,0.0
42,42,13089,DeKalb,GEORGIA,Hurricane_2017_Irma,0.003950617283950617,0.003333333333333333,0.008888888888888889
56,56,05083,Logan,ARKANSAS,Severe_Weather_2017_South:Southeast:TX:OK:TN:KY:MS:AL,0.0,0.0,0.0
57,57,12095,Orange,FLORIDA,Hurricane_2017_Irma,0.0016049382716049384,0.0022222222222222222,0.003333333333333333
59,59,21077,Gallatin,KENTUCKY,Flooding:Severe_Weather_2017_April:May_Midwest:Central:Southeast,0.0014814814814814814,0.0022222222222222222,0.0011111111111111111
60,60,21097,Harrison,KENTUCKY,Flooding:Severe_Weather_2017_April:May_Midwest:Central:Southeast,0.005308641975308642,0.006666666666666667,0.003333333333333333
76,76,48397,Rockwall,TEXAS,Severe_Weather_2017_South:Southeast:TX:OK:TN:KY:MS:AL,0.005185185185185185,0.015555555555555557,0.013333333333333332
79,79,29125,Maries,MISSOURI,Flooding:Severe_Weather_2017_April:May_Midwest:Central:Southeast,0.0,0.0,0.0
84,84,12099,Palm Beach,FLORIDA,Hurricane_2017_Irma,0.0,0.0,0.0
87,87,47165,Sumner,TENNESSEE,Hurricane_2017_Harvey,0.004444444444444445,0.0044444444444444444,0.005555555555555556
92,92,47061,Grundy,TENNESSEE,Flooding:Severe_Weather_2017_April:May_Midwest:Central:Southeast,0.0001234567901234568,0.0,0.0011111111111111111
101,101,06009,Calaveras,CALIFORNIA,Wildfires_2017_CA,0.0,0.0,0.0
103,103,47027,Clay,TENNESSEE,Severe_Weather_2017_South:Southeast:TX:OK:TN:KY:MS:AL,0.0,0.0,0.0
104,104,17029,Coles,ILLINOIS,Severe_Weather_2017_CO:OK:TX:NM:MO,0.004074074074074075,0.0,0.005555555555555556
106,106,21127,Lawrence,KENTUCKY,Flooding:Severe_Weather_2017_April:May_Midwest:Central:Southeast,0.0,0.0,0.0
107,107,17049,Effingham,ILLINOIS,Flooding:Severe_Weather_2017_April:May_Midwest:Central:Southeast,0.002839506172839506,0.003333333333333333,0.006666666666666666
113,113,29145,Newton,MISSOURI,Severe_Weather_2017_CO:OK:TX:NM:MO,0.004814814814814815,0.012222222222222223,0.014444444444444446
122,122,12055,Highlands,FLORIDA,Hurricane_2017_Irma,0.0024691358024691358,0.0022222222222222222,0.0011111111111111111
130,130,18037,Dubois,INDIANA,Flooding:Severe_Weather_2017_April:May_Midwest:Central:Southeast,0.004691358024691358,0.007777777777777777,0.0044444444444444444
136,136,72039,Ciales,PUERTO RICO,Hurricane_2017_Irma,0.0035802469135802466,0.01,0.0044444444444444444
141,141,18137,Ripley,INDIANA,Flooding:Severe_Weather_2017_April:May_Midwest:Central:Southeast,0.0,0.0,0.0
151,151,22043,Grant,LOUISIANA,Tornadoes_2017_South:Southeast,0.005555555555555556,0.007777777777777778,0.003333333333333333
155,155,21087,Green,KENTUCKY,Severe_Weather_2017_South:Southeast:TX:OK:TN:KY:MS:AL,0.004567901234567901,0.0044444444444444444,0.007777777777777777
164,164,54011,Cabell,WEST VIRGINIA,Flooding:Severe_Weather_2017_April:May_Midwest:Central:Southeast,0.0,0.0,0.0
170,170,28085,Lincoln,MISSISSIPPI,Tornadoes_2017_South:Southeast,0.004814814814814815,0.007777777777777778,0.003333333333333333
175,175,72029,Canóvanas,PUERTO RICO,Hurricane_2017_Maria,0.0035802469135802466,0.0011111111111111111,0.003333333333333333
179,179,47141,Putnam,TENNESSEE,Flooding:Severe_Weather_2017_April:May_Midwest:Central:Southeast,0.0,0.0,0.0
184,184,13079,Crawford,GEORGIA,Hurricane_2017_Irma,0.0,0.0,0.0
185,185,48477,Washington,TEXAS,Hurricane_2017_Harvey,0.0,0.0,0.0
192,192,48305,Lynn,TEXAS,Flooding:Severe_Weather_2017_April:May_Midwest:Central:Southeast,0.0,0.0,0.0
200,200,39155,Trumbull,OHIO,Flooding:Severe_Weather_2017_April:May_Midwest:Central:Southeast,0.005061728395061728,0.0,0.007777777777777778
207,207,01131,Wilcox,ALABAMA,Flooding:Severe_Weather_2017_April:May_Midwest:Central:Southeast,0.0,0.0,0.0
213,213,18051,Gibson,INDIANA,Flooding:Severe_Weather_2017_April:May_Midwest:Central:Southeast,0.003950617283950617,0.003333333333333333,0.005555555555555556
214,214,17093,Kendall,ILLINOIS,Flooding:Severe_Weather_2017_April:May_Midwest:Central:Southeast,0.0034567901234567903,0.006666666666666666,0.006666666666666667
215,215,06075,San Francisco,CALIFORNIA,Tornadoes_2017_South:Southeast,0.005679012345679012,0.0011111111111111111,0.007777777777777778
219,219,47075,Haywood,TENNESSEE,Flooding:Severe_Weather_2017_April:May_Midwest:Central:Southeast,0.00654320987654321,0.006666666666666667,0.005555555555555556
224,224,29201,Scott,MISSOURI,Flooding:Severe_Weather_2017_April:May_Midwest:Central:Southeast,0.004320987654320988,0.0022222222222222222,0.003333333333333333
228,228,39033,Crawford,OHIO,Flooding:Severe_Weather_2017_April:May_Midwest:Central:Southeast,0.0,0.0,0.0
229,229,12027,DeSoto,FLORIDA,Hurricane_2017_Irma,0.005432098765432099,0.005555555555555556,0.008888888888888889
230,230,29209,Stone,MISSOURI,Flooding:Severe_Weather_2017_April:May_Midwest:Central:Southeast,0.004691358024691358,0.0022222222222222222,0.005555555555555556
233,233,13199,Meriwether,GEORGIA,Hurricane_2017_Irma,0.0038271604938271606,0.0011111111111111111,0.01
240,240,48007,Aransas,TEXAS,Hurricane_2017_Harvey,0.0,0.0,0.0
241,241,13019,Berrien,GEORGIA,Hurricane_2017_Irma,0.0,0.0,0.0
245,245,12081,Manatee,FLORIDA,Tornadoes_2017_South:Southeast,0.0038271604938271606,0.008888888888888889,0.0022222222222222222
251,251,48237,Jack,TEXAS,Severe_Weather_2017_South:Southeast:TX:OK:TN:KY:MS:AL,0.005185185185185186,0.0022222222222222222,0.012222222222222223
255,255,39169,Wayne,OHIO,Flooding:Severe_Weather_2017_April:May_Midwest:Central:Southeast,0.004691358024691358,0.0044444444444444444,0.005555555555555556
256,256,13113,Fayette,GEORGIA,Hurricane_2017_Irma,0.0033333333333333335,0.0022222222222222222,0.0011111111111111111
261,261,22113,Vermilion,LOUISIANA,Hurricane_2017_Harvey,0.0,0.0,0.0
273,273,29131,Miller,MISSOURI,Flooding:Severe_Weather_2017_April:May_Midwest:Central:Southeast,0.0018518518518518521,0.0011111111111111111,0.0011111111111111111
289,289,48473,Waller,TEXAS,Hurricane_2017_Harvey,0.0,0.0,0.0
290,290,01099,Monroe,ALABAMA,Tornadoes_2017_South:Southeast,0.005185185185185186,0.005555555555555556,0.007777777777777778
296,296,72055,Guánica,PUERTO RICO,Hurricane_2017_Maria,0.0004938271604938272,0.0,0.0
297,297,13099,Early,GEORGIA,Hurricane_2017_Irma,0.0,0.0,0.0
300,300,12103,Pinellas,FLORIDA,Hurricane_2017_Irma,0.0,0.0,0.0
302,302,72019,Barranquitas,PUERTO RICO,Hurricane_2017_Irma,0.0044444444444444444,0.013333333333333332,0.012222222222222225
319,319,45071,Newberry,SOUTH CAROLINA,Flooding:Severe_Weather_2017_April:May_Midwest:Central:Southeast,0.0038271604938271597,0.007777777777777778,0.005555555555555556
321,321,12037,Franklin,FLORIDA,Hurricane_2017_Irma,0.0,0.0,0.0
339,339,06109,Tuolumne,CALIFORNIA,Flooding_2017_California,0.0,0.0,0.0
341,341,13081,Crisp,GEORGIA,Tornadoes_2017_South:Southeast,0.0,0.0,0.0
342,342,06095,Solano,CALIFORNIA,Flooding_2017_California,0.005555555555555555,0.006666666666666667,0.003333333333333333
343,343,06095,Solano,CALIFORNIA,Wildfires_2017_CA,0.0,0.0,0.0
345,345,37125,Moore,NORTH CAROLINA,Hurricane_2017_Harvey,0.004074074074074075,0.0044444444444444444,0.0044444444444444444
346,346,22083,Richland,LOUISIANA,Severe_Weather_2017_South:Southeast:TX:OK:TN:KY:MS:AL,0.0,0.0,0.0
349,349,28035,Forrest,MISSISSIPPI,Severe_Weather_2017_South:Southeast:TX:OK:TN:KY:MS:AL,0.0002469135802469136,0.0,0.0
351,351,13261,Sumter,GEORGIA,Hurricane_2017_Irma,0.0,0.0,0.0
354,354,72005,Aguadilla,PUERTO RICO,Hurricane_2017_Maria,0.00037037037037037035,0.0,0.0
357,357,08083,Montezuma,COLORADO,Severe_Weather_2017_CO:OK:TX:NM:MO,0.0,0.0,0.0
361,361,40071,Kay,OKLAHOMA,Severe_Weather_2017_CO:OK:TX:NM:MO,0.004197530864197531,0.005555555555555556,0.0022222222222222222
376,376,48209,Hays,TEXAS,Hurricane_2017_Harvey,0.0,0.0,0.0
377,377,45077,Pickens,SOUTH CAROLINA,Hurricane_2017_Irma,0.0,0.0,0.0
386,386,48469,Victoria,TEXAS,Hurricane_2017_Harvey,0.0,0.0,0.0
392,392,21083,Graves,KENTUCKY,Flooding:Severe_Weather_2017_April:May_Midwest:Central:Southeast,0.002962962962962963,0.0011111111111111111,0.005555555555555556
396,396,05149,Yell,ARKANSAS,Flooding:Severe_Weather_2017_April:May_Midwest:Central:Southeast,0.006790123456790124,0.010000000000000002,0.01
397,397,21113,Jessamine,KENTUCKY,Flooding:Severe_Weather_2017_April:May_Midwest:Central:Southeast,0.005061728395061728,0.0044444444444444444,0.003333333333333333
400,400,72021,Bayamón,PUERTO RICO,Hurricane_2017_Irma,0.004814814814814815,0.0022222222222222222,0.005555555555555556
405,405,51019,Bedford,VIRGINIA,Flooding:Severe_Weather_2017_April:May_Midwest:Central:Southeast,0.00654320987654321,0.0044444444444444444,0.012222222222222223
410,410,12085,Martin,FLORIDA,Hurricane_2017_Irma,0.0001234567901234568,0.0,0.0
417,417,39095,Lucas,OHIO,Flooding:Severe_Weather_2017_April:May_Midwest:Central:Southeast,0.0049382716049382715,0.003333333333333333,0.005555555555555556
421,421,21217,Taylor,KENTUCKY,Flooding:Severe_Weather_2017_April:May_Midwest:Central:Southeast,0.004691358024691358,0.005555555555555556,0.0044444444444444444
422,422,21217,Taylor,KENTUCKY,Severe_Weather_2017_South:Southeast:TX:OK:TN:KY:MS:AL,0.0029629629629629632,0.0022222222222222222,0.003333333333333333
425,425,54019,Fayette,WEST VIRGINIA,Flooding:Severe_Weather_2017_April:May_Midwest:Central:Southeast,0.004197530864197531,0.005555555555555556,0.0022222222222222222
427,427,47085,Humphreys,TENNESSEE,Hurricane_2017_Harvey,0.0,0.0,0.0
432,432,05143,Washington,ARKANSAS,Flooding:Severe_Weather_2017_April:May_Midwest:Central:Southeast,0.0,0.0,0.0
433,433,48471,Walker,TEXAS,Hurricane_2017_Harvey,0.0008641975308641976,0.0022222222222222222,0.0
439,439,48201,Harris,TEXAS,Tornadoes_2017_South:Southeast,0.004567901234567901,0.006666666666666667,0.006666666666666667
448,448,48187,Guadalupe,TEXAS,Hurricane_2017_Harvey,0.0,0.0,0.0
453,453,13289,Twiggs,GEORGIA,Tornadoes_2017_South:Southeast,0.0,0.0,0.0
465,465,22059,LaSalle,LOUISIANA,Tornadoes_2017_South:Southeast,0.004320987654320988,0.0022222222222222222,0.006666666666666667
467,467,39071,Highland,OHIO,Flooding:Severe_Weather_2017_April:May_Midwest:Central:Southeast,0.0,0.0,0.0
480,480,72037,Ceiba,PUERTO RICO,Hurricane_2017_Irma,0.0,0.0,0.0
483,483,72047,Corozal,PUERTO RICO,Hurricane_2017_Maria,0.0,0.0,0.0
487,487,37161,Rutherford,NORTH CAROLINA,Flooding:Severe_Weather_2017_April:May_Midwest:Central:Southeast,0.0033333333333333335,0.006666666666666666,0.0022222222222222222
490,490,13097,Douglas,GEORGIA,Hurricane_2017_Irma,0.0018518518518518521,0.0011111111111111111,0.0011111111111111111
497,497,13031,Bulloch,GEORGIA,Hurricane_2017_Irma,0.0,0.0,0.0
499,499,28031,Covington,MISSISSIPPI,Tornadoes_2017_South:Southeast,0.0,0.0,0.0
503,503,13307,Webster,GEORGIA,Hurricane_2017_Irma,0.0002469135802469136,0.0,0.0
512,512,47125,Montgomery,TENNESSEE,Flooding:Severe_Weather_2017_April:May_Midwest:Central:Southeast,0.0049382716049382715,0.007777777777777778,0.01111111111111111
515,515,22067,Morehouse,LOUISIANA,Severe_Weather_2017_South:Southeast:TX:OK:TN:KY:MS:AL,0.0,0.0,0.0
519,519,05033,Crawford,ARKANSAS,Flooding:Severe_Weather_2017_April:May_Midwest:Central:Southeast,0.0,0.0,0.0
520,520,17109,McDonough,ILLINOIS,Severe_Weather_2017_CO:OK:TX:NM:MO,0.0,0.0,0.0
526,526,21229,Washington,KENTUCKY,Severe_Weather_2017_CO:OK:TX:NM:MO,0.006049382716049383,0.0044444444444444444,0.01111111111111111
531,531,48139,Ellis,TEXAS,Severe_Weather_2017_South:Southeast:TX:OK:TN:KY:MS:AL,0.004691358024691358,0.006666666666666666,0.008888888888888889
533,533,13259,Stewart,GEORGIA,Hurricane_2017_Irma,0.0007407407407407407,0.0022222222222222222,0.0022222222222222222
540,540,13285,Troup,GEORGIA,Tornadoes_2017_South:Southeast,0.0037037037037037043,0.011111111111111112,0.0022222222222222222
541,541,06023,Humboldt,CALIFORNIA,Flooding_2017_California,0.0030864197530864196,0.006666666666666666,0.0011111111111111111
544,544,13257,Stephens,GEORGIA,Hurricane_2017_Irma,0.0,0.0,0.0
548,548,45085,Sumter,SOUTH CAROLINA,Hurricane_2017_Irma,0.0,0.0,0.0
553,553,28117,Prentiss,MISSISSIPPI,Hurricane_2017_Harvey,0.0038271604938271597,0.0044444444444444444,0.003333333333333333
565,565,51173,Smyth,VIRGINIA,Flooding:Severe_Weather_2017_April:May_Midwest:Central:Southeast,0.006172839506172839,0.0044444444444444444,0.006666666666666667
569,569,01107,Pickens,ALABAMA,Hurricane_2017_Harvey,0.0028395061728395065,0.007777777777777778,0.0022222222222222222
584,584,37097,Iredell,NORTH CAROLINA,Hurricane_2017_Harvey,0.0,0.0,0.0
592,592,05003,Ashley,ARKANSAS,Hurricane_2017_Harvey,0.005185185185185185,0.006666666666666666,0.003333333333333333
601,601,05123,St. Francis,ARKANSAS,Flooding:Severe_Weather_2017_April:May_Midwest:Central:Southeast,0.0,0.0,0.0
602,602,12065,Jefferson,FLORIDA,Hurricane_2017_Irma,0.0,0.0,0.0
605,605,05097,Montgomery,ARKANSAS,Flooding:Severe_Weather_2017_April:May_Midwest:Central:Southeast,0.0,0.0,0.0
610,610,13247,Rockdale,GEORGIA,Hurricane_2017_Irma,0.0018518518518518517,0.0,0.003333333333333333
614,614,17167,Sangamon,ILLINOIS,Flooding:Severe_Weather_2017_April:May_Midwest:Central:Southeast,0.005555555555555555,0.007777777777777778,0.010000000000000002
616,616,47035,Cumberland,TENNESSEE,Flooding:Severe_Weather_2017_April:May_Midwest:Central:Southeast,0.006172839506172839,0.005555555555555556,0.008888888888888889
617,617,48335,Mitchell,TEXAS,Severe_Weather_2017_South:Southeast:TX:OK:TN:KY:MS:AL,0.0001234567901234568,0.0,0.0
618,618,40113,Osage,OKLAHOMA,Severe_Weather_2017_CO:OK:TX:NM:MO,0.0007407407407407408,0.0,0.0011111111111111111
620,620,29181,Ripley,MISSOURI,Flooding:Severe_Weather_2017_April:May_Midwest:Central:Southeast,0.0,0.0,0.0
625,625,54063,Monroe,WEST VIRGINIA,Flooding:Severe_Weather_2017_April:May_Midwest:Central:Southeast,0.00654320987654321,0.0011111111111111111,0.006666666666666666
626,626,18155,Switzerland,INDIANA,Flooding:Severe_Weather_2017_April:May_Midwest:Central:Southeast,0.0,0.0,0.0
629,629,17099,LaSalle,ILLINOIS,Flooding:Severe_Weather_2017_April:May_Midwest:Central:Southeast,0.006049382716049383,0.005555555555555556,0.005555555555555556
630,630,12075,Levy,FLORIDA,Hurricane_2017_Irma,0.0035802469135802475,0.0044444444444444444,0.007777777777777778
637,637,13281,Towns,GEORGIA,Hurricane_2017_Irma,0.0,0.0,0.0
639,639,21145,McCracken,KENTUCKY,Flooding:Severe_Weather_2017_April:May_Midwest:Central:Southeast,0.005185185185185186,0.0011111111111111111,0.007777777777777778
641,641,72057,Guayama,PUERTO RICO,Hurricane_2017_Maria,0.0,0.0,0.0
645,645,54095,Tyler,WEST VIRGINIA,Flooding:Severe_Weather_2017_April:May_Midwest:Central:Southeast,0.005061728395061729,0.006666666666666666,0.005555555555555556
649,649,01045,Dale,ALABAMA,Tornadoes_2017_South:Southeast,0.004814814814814815,0.012222222222222223,0.007777777777777778
655,655,17183,Vermilion,ILLINOIS,Flooding:Severe_Weather_2017_April:May_Midwest:Central:Southeast,0.0044444444444444444,0.0022222222222222222,0.0022222222222222222
669,669,21035,Calloway,KENTUCKY,Flooding:Severe_Weather_2017_April:May_Midwest:Central:Southeast,0.005061728395061729,0.007777777777777777,0.0022222222222222222
672,672,45073,Oconee,SOUTH CAROLINA,Hurricane_2017_Irma,0.0,0.0,0.0
686,686,06077,San Joaquin,CALIFORNIA,Flooding_2017_California,0.003950617283950618,0.0044444444444444444,0.003333333333333333
687,687,06077,San Joaquin,CALIFORNIA,Wildfires_2017_CA,0.0,0.0,0.0
688,688,06077,San Joaquin,CALIFORNIA,Tornadoes_2017_South:Southeast,0.0,0.0,0.0
703,703,21157,Marshall,KENTUCKY,Flooding:Severe_Weather_2017_April:May_Midwest:Central:Southeast,0.003950617283950617,0.0022222222222222222,0.006666666666666666
705,705,13185,Lowndes,GEORGIA,Hurricane_2017_Irma,0.003827160493827161,0.005555555555555556,0.005555555555555556
711,711,21099,Hart,KENTUCKY,Severe_Weather_2017_South:Southeast:TX:OK:TN:KY:MS:AL,0.00037037037037037035,0.0011111111111111111,0.0022222222222222222
714,714,13243,Randolph,GEORGIA,Hurricane_2017_Irma,0.00037037037037037035,0.0,0.0
718,718,72137,Toa Baja,PUERTO RICO,Hurricane_2017_Maria,0.0,0.0,0.0
723,723,01041,Crenshaw,ALABAMA,Hurricane_2017_Harvey,0.0013580246913580246,0.0,0.0011111111111111111
732,732,48291,Liberty,TEXAS,Hurricane_2017_Harvey,0.0,0.0,0.0
735,735,54083,Randolph,WEST VIRGINIA,Flooding:Severe_Weather_2017_April:May_Midwest:Central:Southeast,0.005308641975308642,0.003333333333333333,0.006666666666666667
741,741,13213,Murray,GEORGIA,Hurricane_2017_Irma,0.0004938271604938272,0.0011111111111111111,0.0
744,744,13173,Lanier,GEORGIA,Hurricane_2017_Irma,0.0,0.0,0.0
746,746,48071,Chambers,TEXAS,Hurricane_2017_Harvey,0.0,0.0,0.0
759,759,13221,Oglethorpe,GEORGIA,Hurricane_2017_Irma,0.0,0.0,0.0
768,768,13155,Irwin,GEORGIA,Hurricane_2017_Irma,0.0,0.0,0.0
775,775,37119,Mecklenburg,NORTH CAROLINA,Flooding:Severe_Weather_2017_April:May_Midwest:Central:Southeast,0.0038271604938271606,0.01,0.0044444444444444444
776,776,13209,Montgomery,GEORGIA,Hurricane_2017_Irma,0.0004938271604938272,0.0011111111111111111,0.0011111111111111111
787,787,13295,Walker,GEORGIA,Hurricane_2017_Irma,0.0011111111111111111,0.0022222222222222222,0.0022222222222222222
793,793,37191,Wayne,NORTH CAROLINA,Hurricane_2017_Harvey,0.0,0.0,0.0
795,795,22015,Bossier,LOUISIANA,Tornadoes_2017_South:Southeast,0.004567901234567901,0.011111111111111112,0.0022222222222222222
802,802,13051,Chatham,GEORGIA,Hurricane_2017_Irma,0.0,0.0,0.0
803,803,13241,Rabun,GEORGIA,Hurricane_2017_Irma,0.0,0.0,0.0
804,804,54097,Upshur,WEST VIRGINIA,Flooding:Severe_Weather_2017_April:May_Midwest:Central:Southeast,0.0044444444444444444,0.008888888888888887,0.01111111111111111
807,807,05119,Pulaski,ARKANSAS,Flooding:Severe_Weather_2017_April:May_Midwest:Central:Southeast,0.0004938271604938272,0.0,0.0011111111111111111
811,811,06107,Tulare,CALIFORNIA,Wildfires_2017_CA,0.0,0.0,0.0
821,821,13027,Brooks,GEORGIA,Hurricane_2017_Harvey,0.0016049382716049384,0.003333333333333333,0.0011111111111111111
822,822,13027,Brooks,GEORGIA,Hurricane_2017_Irma,0.0037037037037037043,0.0022222222222222222,0.005555555555555556
828,828,47037,Davidson,TENNESSEE,Hurricane_2017_Harvey,0.006049382716049384,0.003333333333333333,0.0022222222222222222
832,832,17165,Saline,ILLINOIS,Flooding:Severe_Weather_2017_April:May_Midwest:Central:Southeast,0.0049382716049382715,0.005555555555555556,0.006666666666666667
836,836,47183,Weakley,TENNESSEE,Flooding:Severe_Weather_2017_April:May_Midwest:Central:Southeast,0.0,0.0,0.0
855,855,29035,Carter,MISSOURI,Severe_Weather_2017_CO:OK:TX:NM:MO,0.004074074074074075,0.0044444444444444444,0.011111111111111112
858,858,48113,Dallas,TEXAS,Severe_Weather_2017_South:Southeast:TX:OK:TN:KY:MS:AL,0.0,0.0,0.0
868,868,17081,Jefferson,ILLINOIS,Flooding:Severe_Weather_2017_April:May_Midwest:Central:Southeast,0.006172839506172839,0.0022222222222222222,0.01
869,869,54081,Raleigh,WEST VIRGINIA,Flooding:Severe_Weather_2017_April:May_Midwest:Central:Southeast,0.0037037037037037043,0.0011111111111111111,0.007777777777777778
874,874,04023,Santa Cruz,ARIZONA,Wildfires_2017_CA,0.0,0.0,0.0
881,881,72027,Camuy,PUERTO RICO,Hurricane_2017_Maria,0.004320987654320988,0.003333333333333333,0.011111111111111112
887,887,18029,Dearborn,INDIANA,Flooding:Severe_Weather_2017_April:May_Midwest:Central:Southeast,0.0,0.0,0.0
888,888,18071,Jackson,INDIANA,Flooding:Severe_Weather_2017_April:May_Midwest:Central:Southeast,0.0,0.0,0.0
892,892,13253,Seminole,GEORGIA,Hurricane_2017_Irma,0.0001234567901234568,0.0,0.0
894,894,06101,Sutter,CALIFORNIA,Wildfires_2017_CA,0.0,0.0,0.0
900,900,13237,Putnam,GEORGIA,Hurricane_2017_Irma,0.0030864197530864196,0.007777777777777777,0.007777777777777778
902,902,12049,Hardee,FLORIDA,Hurricane_2017_Irma,0.0,0.0,0.0
906,906,48025,Bee,TEXAS,Hurricane_2017_Harvey,0.0,0.0,0.0
910,910,13007,Baker,GEORGIA,Hurricane_2017_Irma,0.0009876543209876543,0.0,0.0011111111111111111
920,920,21203,Rockcastle,KENTUCKY,Severe_Weather_2017_CO:OK:TX:NM:MO,0.005185185185185186,0.005555555555555556,0.008888888888888889
922,922,13055,Chattooga,GEORGIA,Flooding:Severe_Weather_2017_April:May_Midwest:Central:Southeast,0.004444444444444445,0.005555555555555556,0.003333333333333333
923,923,13055,Chattooga,GEORGIA,Hurricane_2017_Irma,0.0027160493827160497,0.007777777777777778,0.007777777777777778
925,925,72007,Aguas Buenas,PUERTO RICO,Hurricane_2017_Maria,0.004814814814814815,0.0,0.007777777777777778
928,928,13087,Decatur,GEORGIA,Hurricane_2017_Irma,0.0,0.0,0.0
936,936,54067,Nicholas,WEST VIRGINIA,Flooding:Severe_Weather_2017_April:May_Midwest:Central:Southeast,0.005679012345679012,0.0022222222222222222,0.003333333333333333
937,937,40053,Grant,OKLAHOMA,Severe_Weather_2017_South:Southeast:TX:OK:TN:KY:MS:AL,0.0004938271604938272,0.0,0.0
939,939,35001,Bernalillo,NEW MEXICO,Severe_Weather_2017_CO:OK:TX:NM:MO,0.0,0.0,0.0
942,942,21191,Pendleton,KENTUCKY,Flooding:Severe_Weather_2017_April:May_Midwest:Central:Southeast,0.0022222222222222222,0.0022222222222222222,0.005555555555555556
956,956,12077,Liberty,FLORIDA,Hurricane_2017_Irma,0.0,0.0,0.0
960,960,21073,Franklin,KENTUCKY,Flooding:Severe_Weather_2017_April:May_Midwest:Central:Southeast,0.004691358024691358,0.0,0.0044444444444444444
961,961,13217,Newton,GEORGIA,Hurricane_2017_Irma,0.0009876543209876543,0.0,0.003333333333333333
969,969,18097,Marion,INDIANA,Flooding:Severe_Weather_2017_April:May_Midwest:Central:Southeast,0.0,0.0,0.0
972,972,05017,Chicot,ARKANSAS,Severe_Weather_2017_South:Southeast:TX:OK:TN:KY:MS:AL,0.0,0.0,0.0
978,978,05089,Marion,ARKANSAS,Flooding:Severe_Weather_2017_April:May_Midwest:Central:Southeast,0.0,0.0,0.0
979,979,05089,Marion,ARKANSAS,Severe_Weather_2017_CO:OK:TX:NM:MO,0.0,0.0,0.0
982,982,39173,Wood,OHIO,Flooding:Severe_Weather_2017_April:May_Midwest:Central:Southeast,0.0038271604938271606,0.003333333333333333,0.0044444444444444444
996,996,47021,Cheatham,TENNESSEE,Hurricane_2017_Harvey,0.006913580246913581,0.0022222222222222222,0.0044444444444444444
1001,1001,12061,Indian River,FLORIDA,Hurricane_2017_Irma,0.0,0.0,0.0
1006,1006,28049,Hinds,MISSISSIPPI,Tornadoes_2017_South:Southeast,0.003827160493827161,0.006666666666666667,0.014444444444444446
1015,1015,28033,DeSoto,MISSISSIPPI,Hurricane_2017_Harvey,0.004567901234567901,0.0011111111111111111,0.0044444444444444444
1021,1021,13153,Houston,GEORGIA,Hurricane_2017_Harvey,0.0,0.0,0.0
1026,1026,13191,McIntosh,GEORGIA,Hurricane_2017_Irma,0.0,0.0,0.0
1028,1028,13207,Monroe,GEORGIA,Tornadoes_2017_South:Southeast,0.0,0.0,0.0
1034,1034,22001,Acadia,LOUISIANA,Hurricane_2017_Harvey,0.0,0.0,0.0
1040,1040,18175,Washington,INDIANA,Flooding:Severe_Weather_2017_April:May_Midwest:Central:Southeast,0.002962962962962963,0.0022222222222222222,0.003333333333333333
1049,1049,47119,Maury,TENNESSEE,Hurricane_2017_Harvey,0.0054320987654320994,0.003333333333333333,0.008888888888888889
1053,1053,05111,Poinsett,ARKANSAS,Flooding:Severe_Weather_2017_April:May_Midwest:Central:Southeast,0.0,0.0,0.0
1058,1058,13009,Baldwin,GEORGIA,Tornadoes_2017_South:Southeast,0.0,0.0,0.0
1060,1060,12073,Leon,FLORIDA,Hurricane_2017_Irma,0.0030864197530864196,0.003333333333333333,0.0011111111111111111
1070,1070,06021,Glenn,CALIFORNIA,Wildfires_2017_CA,0.0,0.0,0.0
1073,1073,54059,Mingo,WEST VIRGINIA,Flooding:Severe_Weather_2017_April:May_Midwest:Central:Southeast,0.005061728395061729,0.014444444444444446,0.003333333333333333
1092,1092,21233,Webster,KENTUCKY,Flooding:Severe_Weather_2017_April:May_Midwest:Central:Southeast,0.006049382716049383,0.0022222222222222222,0.01
