Instance_Index,Instance_Index,FIPS,County_Name,State,SHELDUS_Event,necessity_Transition,necessity_Reddit,necessity_News
2,2,06091,Sierra,CALIFORNIA,Wildfires_2017_CA,1.0,1.0,1.0
3,3,39063,Hancock,OHIO,Flooding:Severe_Weather_2017_April:May_Midwest:Central:Southeast,1.0,1.0,1.0
5,5,51121,Montgomery,VIRGINIA,Flooding:Severe_Weather_2017_April:May_Midwest:Central:Southeast,0.0,0.0,0.0
24,24,17025,Clay,ILLINOIS,Flooding:Severe_Weather_2017_April:May_Midwest:Central:Southeast,0.0001234567901234568,0.003333333333333333,0.0011111111111111111
25,25,48391,Refugio,TEXAS,Hurricane_2017_Harvey,0.0,0.0,0.0
26,26,13273,Terrell,GEORGIA,Hurricane_2017_Irma,0.0,0.0,0.0
27,27,13273,Terrell,GEORGIA,Tornadoes_2017_South:Southeast,0.0,0.0,0.0
33,33,13193,Macon,GEORGIA,Tornadoes_2017_South:Southeast,0.0,0.0,0.0
34,34,21209,Scott,KENTUCKY,Flooding:Severe_Weather_2017_April:May_Midwest:Central:Southeast,0.0,0.007777777777777778,0.0011111111111111111
35,35,45023,Chester,SOUTH CAROLINA,Flooding:Severe_Weather_2017_April:May_Midwest:Central:Southeast,0.0,0.0,0.0
42,42,13089,DeKalb,GEORGIA,Hurricane_2017_Irma,1.0,1.0,1.0
56,56,05083,Logan,ARKANSAS,Severe_Weather_2017_South:Southeast:TX:OK:TN:KY:MS:AL,0.0,0.0,0.0
57,57,12095,Orange,FLORIDA,Hurricane_2017_Irma,1.0,1.0,1.0
59,59,21077,Gallatin,KENTUCKY,Flooding:Severe_Weather_2017_April:May_Midwest:Central:Southeast,1.0,1.0,1.0
60,60,21097,Harrison,KENTUCKY,Flooding:Severe_Weather_2017_April:May_Midwest:Central:Southeast,0.017654320987654324,0.09333333333333334,0.025555555555555557
76,76,48397,Rockwall,TEXAS,Severe_Weather_2017_South:Southeast:TX:OK:TN:KY:MS:AL,0.0014814814814814814,0.02,0.0022222222222222222
79,79,29125,Maries,MISSOURI,Flooding:Severe_Weather_2017_April:May_Midwest:Central:Southeast,1.0,1.0,1.0
84,84,12099,Palm Beach,FLORIDA,Hurricane_2017_Irma,1.0,1.0,1.0
87,87,47165,Sumner,TENNESSEE,Hurricane_2017_Harvey,0.004320987654320987,0.06777777777777777,0.012222222222222225
92,92,47061,Grundy,TENNESSEE,Flooding:Severe_Weather_2017_April:May_Midwest:Central:Southeast,0.0,0.0,0.0
101,101,06009,Calaveras,CALIFORNIA,Wildfires_2017_CA,0.0,0.0,0.0
103,103,47027,Clay,TENNESSEE,Severe_Weather_2017_South:Southeast:TX:OK:TN:KY:MS:AL,1.0,1.0,1.0
104,104,17029,Coles,ILLINOIS,Severe_Weather_2017_CO:OK:TX:NM:MO,0.0027160493827160493,0.04777777777777778,0.01111111111111111
106,106,21127,Lawrence,KENTUCKY,Flooding:Severe_Weather_2017_April:May_Midwest:Central:Southeast,1.0,1.0,1.0
107,107,17049,Effingham,ILLINOIS,Flooding:Severe_Weather_2017_April:May_Midwest:Central:Southeast,0.0,0.010000000000000002,0.0
113,113,29145,Newton,MISSOURI,Severe_Weather_2017_CO:OK:TX:NM:MO,0.004691358024691358,0.0688888888888889,0.005555555555555556
122,122,12055,Highlands,FLORIDA,Hurricane_2017_Irma,1.0,1.0,1.0
130,130,18037,Dubois,INDIANA,Flooding:Severe_Weather_2017_April:May_Midwest:Central:Southeast,0.0027160493827160493,0.06333333333333334,0.017777777777777778
136,136,72039,Ciales,PUERTO RICO,Hurricane_2017_Irma,0.003950617283950617,0.07555555555555554,0.013333333333333332
141,141,18137,Ripley,INDIANA,Flooding:Severe_Weather_2017_April:May_Midwest:Central:Southeast,0.9997530864197531,1.0,1.0
151,151,22043,Grant,LOUISIANA,Tornadoes_2017_South:Southeast,0.0044444444444444444,0.07111111111111111,0.014444444444444446
155,155,21087,Green,KENTUCKY,Severe_Weather_2017_South:Southeast:TX:OK:TN:KY:MS:AL,0.0,0.0,0.0
164,164,54011,Cabell,WEST VIRGINIA,Flooding:Severe_Weather_2017_April:May_Midwest:Central:Southeast,0.0,0.0,0.0
170,170,28085,Lincoln,MISSISSIPPI,Tornadoes_2017_South:Southeast,0.0033333333333333335,0.07111111111111112,0.013333333333333332
175,175,72029,Canóvanas,PUERTO RICO,Hurricane_2017_Maria,0.007530864197530864,0.06333333333333332,0.015555555555555557
179,179,47141,Putnam,TENNESSEE,Flooding:Severe_Weather_2017_April:May_Midwest:Central:Southeast,0.37061728395061727,0.4466666666666667,0.44333333333333336
184,184,13079,Crawford,GEORGIA,Hurricane_2017_Irma,0.0,0.0,0.0
185,185,48477,Washington,TEXAS,Hurricane_2017_Harvey,0.0,0.0,0.0
192,192,48305,Lynn,TEXAS,Flooding:Severe_Weather_2017_April:May_Midwest:Central:Southeast,0.0,0.0,0.0
200,200,39155,Trumbull,OHIO,Flooding:Severe_Weather_2017_April:May_Midwest:Central:Southeast,0.004197530864197531,0.07555555555555554,0.01111111111111111
207,207,01131,Wilcox,ALABAMA,Flooding:Severe_Weather_2017_April:May_Midwest:Central:Southeast,1.0,1.0,1.0
213,213,18051,Gibson,INDIANA,Flooding:Severe_Weather_2017_April:May_Midwest:Central:Southeast,0.0,0.0,0.0
214,214,17093,Kendall,ILLINOIS,Flooding:Severe_Weather_2017_April:May_Midwest:Central:Southeast,0.0,0.0,0.0
215,215,06075,San Francisco,CALIFORNIA,Tornadoes_2017_South:Southeast,0.0004938271604938272,0.0,0.0
219,219,47075,Haywood,TENNESSEE,Flooding:Severe_Weather_2017_April:May_Midwest:Central:Southeast,0.0033333333333333335,0.06666666666666668,0.008888888888888887
224,224,29201,Scott,MISSOURI,Flooding:Severe_Weather_2017_April:May_Midwest:Central:Southeast,0.0044444444444444444,0.06777777777777777,0.013333333333333334
228,228,39033,Crawford,OHIO,Flooding:Severe_Weather_2017_April:May_Midwest:Central:Southeast,0.9998765432098766,1.0,0.9988888888888889
229,229,12027,DeSoto,FLORIDA,Hurricane_2017_Irma,1.0,1.0,1.0
230,230,29209,Stone,MISSOURI,Flooding:Severe_Weather_2017_April:May_Midwest:Central:Southeast,1.0,1.0,1.0
233,233,13199,Meriwether,GEORGIA,Hurricane_2017_Irma,0.0,0.005555555555555556,0.0
240,240,48007,Aransas,TEXAS,Hurricane_2017_Harvey,0.0,0.0,0.0
241,241,13019,Berrien,GEORGIA,Hurricane_2017_Irma,0.0,0.0,0.0
245,245,12081,Manatee,FLORIDA,Tornadoes_2017_South:Southeast,0.0039506172839506165,0.06555555555555555,0.013333333333333332
251,251,48237,Jack,TEXAS,Severe_Weather_2017_South:Southeast:TX:OK:TN:KY:MS:AL,0.0044444444444444444,0.05888888888888889,0.008888888888888889
255,255,39169,Wayne,OHIO,Flooding:Severe_Weather_2017_April:May_Midwest:Central:Southeast,0.0,0.0,0.0
256,256,13113,Fayette,GEORGIA,Hurricane_2017_Irma,0.0,0.0,0.0011111111111111111
261,261,22113,Vermilion,LOUISIANA,Hurricane_2017_Harvey,0.0,0.0,0.0
273,273,29131,Miller,MISSOURI,Flooding:Severe_Weather_2017_April:May_Midwest:Central:Southeast,0.0,0.0,0.0
289,289,48473,Waller,TEXAS,Hurricane_2017_Harvey,0.0,0.0,0.0
290,290,01099,Monroe,ALABAMA,Tornadoes_2017_South:Southeast,0.0049382716049382715,0.08666666666666667,0.013333333333333332
296,296,72055,Guánica,PUERTO RICO,Hurricane_2017_Maria,0.010246913580246915,0.003333333333333333,0.0
297,297,13099,Early,GEORGIA,Hurricane_2017_Irma,0.0,0.0,0.0
300,300,12103,Pinellas,FLORIDA,Hurricane_2017_Irma,0.02641975308641975,0.07,0.03777777777777778
302,302,72019,Barranquitas,PUERTO RICO,Hurricane_2017_Irma,0.004197530864197531,0.07333333333333332,0.008888888888888889
319,319,45071,Newberry,SOUTH CAROLINA,Flooding:Severe_Weather_2017_April:May_Midwest:Central:Southeast,0.004197530864197531,0.07555555555555556,0.01111111111111111
321,321,12037,Franklin,FLORIDA,Hurricane_2017_Irma,0.0,0.0,0.0
339,339,06109,Tuolumne,CALIFORNIA,Flooding_2017_California,0.0,0.0,0.0
341,341,13081,Crisp,GEORGIA,Tornadoes_2017_South:Southeast,0.0,0.0,0.0
342,342,06095,Solano,CALIFORNIA,Flooding_2017_California,0.0030864197530864196,0.06888888888888889,0.015555555555555557
343,343,06095,Solano,CALIFORNIA,Wildfires_2017_CA,1.0,1.0,1.0
345,345,37125,Moore,NORTH CAROLINA,Hurricane_2017_Harvey,0.0,0.0,0.0
346,346,22083,Richland,LOUISIANA,Severe_Weather_2017_South:Southeast:TX:OK:TN:KY:MS:AL,0.0,0.0,0.0
349,349,28035,Forrest,MISSISSIPPI,Severe_Weather_2017_South:Southeast:TX:OK:TN:KY:MS:AL,0.0,0.0,0.0
351,351,13261,Sumter,GEORGIA,Hurricane_2017_Irma,0.0,0.0,0.0
354,354,72005,Aguadilla,PUERTO RICO,Hurricane_2017_Maria,0.0,0.0,0.0
357,357,08083,Montezuma,COLORADO,Severe_Weather_2017_CO:OK:TX:NM:MO,0.0,0.0,0.0
361,361,40071,Kay,OKLAHOMA,Severe_Weather_2017_CO:OK:TX:NM:MO,1.0,1.0,1.0
376,376,48209,Hays,TEXAS,Hurricane_2017_Harvey,0.0,0.0,0.0
377,377,45077,Pickens,SOUTH CAROLINA,Hurricane_2017_Irma,0.0,0.0,0.0
386,386,48469,Victoria,TEXAS,Hurricane_2017_Harvey,0.0,0.0,0.0
392,392,21083,Graves,KENTUCKY,Flooding:Severe_Weather_2017_April:May_Midwest:Central:Southeast,0.0044444444444444444,0.01,0.035555555555555556
396,396,05149,Yell,ARKANSAS,Flooding:Severe_Weather_2017_April:May_Midwest:Central:Southeast,0.7718518518518519,0.7644444444444445,0.7811111111111111
397,397,21113,Jessamine,KENTUCKY,Flooding:Severe_Weather_2017_April:May_Midwest:Central:Southeast,0.004197530864197531,0.06888888888888889,0.008888888888888889
400,400,72021,Bayamón,PUERTO RICO,Hurricane_2017_Irma,0.0037037037037037043,0.06333333333333334,0.01111111111111111
405,405,51019,Bedford,VIRGINIA,Flooding:Severe_Weather_2017_April:May_Midwest:Central:Southeast,0.0049382716049382715,0.06555555555555555,0.007777777777777777
410,410,12085,Martin,FLORIDA,Hurricane_2017_Irma,0.0,0.0,0.0
417,417,39095,Lucas,OHIO,Flooding:Severe_Weather_2017_April:May_Midwest:Central:Southeast,0.0008641975308641976,0.04,0.008888888888888889
421,421,21217,Taylor,KENTUCKY,Flooding:Severe_Weather_2017_April:May_Midwest:Central:Southeast,0.0,0.014444444444444446,0.0
422,422,21217,Taylor,KENTUCKY,Severe_Weather_2017_South:Southeast:TX:OK:TN:KY:MS:AL,0.0,0.0,0.0
425,425,54019,Fayette,WEST VIRGINIA,Flooding:Severe_Weather_2017_April:May_Midwest:Central:Southeast,0.002592592592592593,0.07111111111111112,0.010000000000000002
427,427,47085,Humphreys,TENNESSEE,Hurricane_2017_Harvey,0.0,0.0,0.0
432,432,05143,Washington,ARKANSAS,Flooding:Severe_Weather_2017_April:May_Midwest:Central:Southeast,1.0,1.0,1.0
433,433,48471,Walker,TEXAS,Hurricane_2017_Harvey,0.0,0.0011111111111111111,0.0
439,439,48201,Harris,TEXAS,Tornadoes_2017_South:Southeast,0.0,0.0,0.0
448,448,48187,Guadalupe,TEXAS,Hurricane_2017_Harvey,0.9998765432098766,1.0,0.9988888888888889
453,453,13289,Twiggs,GEORGIA,Tornadoes_2017_South:Southeast,0.0,0.0,0.0
465,465,22059,LaSalle,LOUISIANA,Tornadoes_2017_South:Southeast,0.004197530864197531,0.07,0.016666666666666666
467,467,39071,Highland,OHIO,Flooding:Severe_Weather_2017_April:May_Midwest:Central:Southeast,0.0,0.0,0.0
480,480,72037,Ceiba,PUERTO RICO,Hurricane_2017_Irma,0.032962962962962965,0.034444444444444444,0.05000000000000001
483,483,72047,Corozal,PUERTO RICO,Hurricane_2017_Maria,0.0,0.0,0.0
487,487,37161,Rutherford,NORTH CAROLINA,Flooding:Severe_Weather_2017_April:May_Midwest:Central:Southeast,0.0035802469135802475,0.06666666666666668,0.005555555555555556
490,490,13097,Douglas,GEORGIA,Hurricane_2017_Irma,0.0,0.0,0.0
497,497,13031,Bulloch,GEORGIA,Hurricane_2017_Irma,1.0,1.0,1.0
499,499,28031,Covington,MISSISSIPPI,Tornadoes_2017_South:Southeast,0.0,0.0,0.0
503,503,13307,Webster,GEORGIA,Hurricane_2017_Irma,1.0,1.0,1.0
512,512,47125,Montgomery,TENNESSEE,Flooding:Severe_Weather_2017_April:May_Midwest:Central:Southeast,0.005061728395061729,0.08222222222222222,0.011111111111111112
515,515,22067,Morehouse,LOUISIANA,Severe_Weather_2017_South:Southeast:TX:OK:TN:KY:MS:AL,0.9987654320987654,0.9977777777777779,1.0
519,519,05033,Crawford,ARKANSAS,Flooding:Severe_Weather_2017_April:May_Midwest:Central:Southeast,0.0,0.0,0.0
520,520,17109,McDonough,ILLINOIS,Severe_Weather_2017_CO:OK:TX:NM:MO,0.9998765432098766,1.0,0.9977777777777779
526,526,21229,Washington,KENTUCKY,Severe_Weather_2017_CO:OK:TX:NM:MO,0.0011111111111111111,0.04000000000000001,0.007777777777777778
531,531,48139,Ellis,TEXAS,Severe_Weather_2017_South:Southeast:TX:OK:TN:KY:MS:AL,0.0034567901234567903,0.06777777777777778,0.008888888888888889
533,533,13259,Stewart,GEORGIA,Hurricane_2017_Irma,0.0,0.0,0.0
540,540,13285,Troup,GEORGIA,Tornadoes_2017_South:Southeast,0.003950617283950617,0.05666666666666667,0.016666666666666666
541,541,06023,Humboldt,CALIFORNIA,Flooding_2017_California,1.0,1.0,1.0
544,544,13257,Stephens,GEORGIA,Hurricane_2017_Irma,0.0,0.0,0.0
548,548,45085,Sumter,SOUTH CAROLINA,Hurricane_2017_Irma,0.0,0.0,0.0
553,553,28117,Prentiss,MISSISSIPPI,Hurricane_2017_Harvey,0.0039506172839506165,0.07222222222222223,0.021111111111111112
565,565,51173,Smyth,VIRGINIA,Flooding:Severe_Weather_2017_April:May_Midwest:Central:Southeast,0.0038271604938271606,0.06666666666666667,0.011111111111111112
569,569,01107,Pickens,ALABAMA,Hurricane_2017_Harvey,0.0,0.0,0.0
584,584,37097,Iredell,NORTH CAROLINA,Hurricane_2017_Harvey,1.0,1.0,1.0
592,592,05003,Ashley,ARKANSAS,Hurricane_2017_Harvey,0.01814814814814815,0.02888888888888889,0.10666666666666666
601,601,05123,St. Francis,ARKANSAS,Flooding:Severe_Weather_2017_April:May_Midwest:Central:Southeast,0.0,0.0011111111111111111,0.0
602,602,12065,Jefferson,FLORIDA,Hurricane_2017_Irma,1.0,1.0,1.0
605,605,05097,Montgomery,ARKANSAS,Flooding:Severe_Weather_2017_April:May_Midwest:Central:Southeast,0.0,0.0,0.0
610,610,13247,Rockdale,GEORGIA,Hurricane_2017_Irma,0.0,0.0,0.0
614,614,17167,Sangamon,ILLINOIS,Flooding:Severe_Weather_2017_April:May_Midwest:Central:Southeast,0.0,0.0011111111111111111,0.0011111111111111111
616,616,47035,Cumberland,TENNESSEE,Flooding:Severe_Weather_2017_April:May_Midwest:Central:Southeast,0.0030864197530864196,0.0788888888888889,0.01111111111111111
617,617,48335,Mitchell,TEXAS,Severe_Weather_2017_South:Southeast:TX:OK:TN:KY:MS:AL,0.0,0.0,0.0
618,618,40113,Osage,OKLAHOMA,Severe_Weather_2017_CO:OK:TX:NM:MO,1.0,1.0,1.0
620,620,29181,Ripley,MISSOURI,Flooding:Severe_Weather_2017_April:May_Midwest:Central:Southeast,1.0,1.0,1.0
625,625,54063,Monroe,WEST VIRGINIA,Flooding:Severe_Weather_2017_April:May_Midwest:Central:Southeast,0.004074074074074075,0.06666666666666667,0.01
626,626,18155,Switzerland,INDIANA,Flooding:Severe_Weather_2017_April:May_Midwest:Central:Southeast,0.0,0.0,0.0
629,629,17099,LaSalle,ILLINOIS,Flooding:Severe_Weather_2017_April:May_Midwest:Central:Southeast,0.0011111111111111111,0.03666666666666667,0.0044444444444444444
630,630,12075,Levy,FLORIDA,Hurricane_2017_Irma,1.0,1.0,1.0
637,637,13281,Towns,GEORGIA,Hurricane_2017_Irma,0.0,0.0,0.0
639,639,21145,McCracken,KENTUCKY,Flooding:Severe_Weather_2017_April:May_Midwest:Central:Southeast,0.004074074074074075,0.06666666666666668,0.017777777777777778
641,641,72057,Guayama,PUERTO RICO,Hurricane_2017_Maria,1.0,1.0,1.0
645,645,54095,Tyler,WEST VIRGINIA,Flooding:Severe_Weather_2017_April:May_Midwest:Central:Southeast,0.0037037037037037034,0.0688888888888889,0.015555555555555557
649,649,01045,Dale,ALABAMA,Tornadoes_2017_South:Southeast,0.0034567901234567903,0.06666666666666668,0.012222222222222223
655,655,17183,Vermilion,ILLINOIS,Flooding:Severe_Weather_2017_April:May_Midwest:Central:Southeast,0.004197530864197531,0.06777777777777778,0.012222222222222223
669,669,21035,Calloway,KENTUCKY,Flooding:Severe_Weather_2017_April:May_Midwest:Central:Southeast,0.0007407407407407408,0.005555555555555556,0.0011111111111111111
672,672,45073,Oconee,SOUTH CAROLINA,Hurricane_2017_Irma,0.0,0.0,0.0
686,686,06077,San Joaquin,CALIFORNIA,Flooding_2017_California,0.0,0.0,0.0
687,687,06077,San Joaquin,CALIFORNIA,Wildfires_2017_CA,0.9992592592592592,0.991111111111111,0.9966666666666666
688,688,06077,San Joaquin,CALIFORNIA,Tornadoes_2017_South:Southeast,1.0,1.0,1.0
703,703,21157,Marshall,KENTUCKY,Flooding:Severe_Weather_2017_April:May_Midwest:Central:Southeast,0.0037037037037037034,0.07111111111111111,0.01111111111111111
705,705,13185,Lowndes,GEORGIA,Hurricane_2017_Irma,0.0,0.0,0.0
711,711,21099,Hart,KENTUCKY,Severe_Weather_2017_South:Southeast:TX:OK:TN:KY:MS:AL,0.0,0.0,0.0
714,714,13243,Randolph,GEORGIA,Hurricane_2017_Irma,0.0,0.0,0.0
718,718,72137,Toa Baja,PUERTO RICO,Hurricane_2017_Maria,1.0,1.0,1.0
723,723,01041,Crenshaw,ALABAMA,Hurricane_2017_Harvey,0.0,0.0,0.0
732,732,48291,Liberty,TEXAS,Hurricane_2017_Harvey,0.0,0.0,0.0
735,735,54083,Randolph,WEST VIRGINIA,Flooding:Severe_Weather_2017_April:May_Midwest:Central:Southeast,0.0014814814814814816,0.03333333333333333,0.007777777777777778
741,741,13213,Murray,GEORGIA,Hurricane_2017_Irma,0.0,0.0,0.0
744,744,13173,Lanier,GEORGIA,Hurricane_2017_Irma,0.0,0.0,0.0
746,746,48071,Chambers,TEXAS,Hurricane_2017_Harvey,0.0,0.0,0.0
759,759,13221,Oglethorpe,GEORGIA,Hurricane_2017_Irma,0.0,0.0,0.0
768,768,13155,Irwin,GEORGIA,Hurricane_2017_Irma,0.0,0.0,0.0
775,775,37119,Mecklenburg,NORTH CAROLINA,Flooding:Severe_Weather_2017_April:May_Midwest:Central:Southeast,0.003950617283950617,0.07222222222222223,0.02
776,776,13209,Montgomery,GEORGIA,Hurricane_2017_Irma,0.0,0.0,0.0
787,787,13295,Walker,GEORGIA,Hurricane_2017_Irma,0.0,0.0,0.0
793,793,37191,Wayne,NORTH CAROLINA,Hurricane_2017_Harvey,0.9712345679012346,0.9766666666666668,0.948888888888889
795,795,22015,Bossier,LOUISIANA,Tornadoes_2017_South:Southeast,0.012962962962962964,0.11666666666666667,0.024444444444444446
802,802,13051,Chatham,GEORGIA,Hurricane_2017_Irma,0.0,0.0,0.0
803,803,13241,Rabun,GEORGIA,Hurricane_2017_Irma,0.0,0.0,0.0
804,804,54097,Upshur,WEST VIRGINIA,Flooding:Severe_Weather_2017_April:May_Midwest:Central:Southeast,0.018888888888888893,0.11888888888888889,0.06333333333333332
807,807,05119,Pulaski,ARKANSAS,Flooding:Severe_Weather_2017_April:May_Midwest:Central:Southeast,1.0,1.0,1.0
811,811,06107,Tulare,CALIFORNIA,Wildfires_2017_CA,1.0,1.0,1.0
821,821,13027,Brooks,GEORGIA,Hurricane_2017_Harvey,1.0,1.0,1.0
822,822,13027,Brooks,GEORGIA,Hurricane_2017_Irma,0.0,0.0,0.0
828,828,47037,Davidson,TENNESSEE,Hurricane_2017_Harvey,0.0008641975308641975,0.048888888888888885,0.0011111111111111111
832,832,17165,Saline,ILLINOIS,Flooding:Severe_Weather_2017_April:May_Midwest:Central:Southeast,0.0,0.015555555555555557,0.0
836,836,47183,Weakley,TENNESSEE,Flooding:Severe_Weather_2017_April:May_Midwest:Central:Southeast,0.9614814814814814,0.86,0.9422222222222223
855,855,29035,Carter,MISSOURI,Severe_Weather_2017_CO:OK:TX:NM:MO,0.0,0.0,0.0
858,858,48113,Dallas,TEXAS,Severe_Weather_2017_South:Southeast:TX:OK:TN:KY:MS:AL,0.0,0.0,0.0
868,868,17081,Jefferson,ILLINOIS,Flooding:Severe_Weather_2017_April:May_Midwest:Central:Southeast,0.0033333333333333335,0.06333333333333334,0.006666666666666667
869,869,54081,Raleigh,WEST VIRGINIA,Flooding:Severe_Weather_2017_April:May_Midwest:Central:Southeast,0.0,0.0,0.0
874,874,04023,Santa Cruz,ARIZONA,Wildfires_2017_CA,1.0,1.0,1.0
881,881,72027,Camuy,PUERTO RICO,Hurricane_2017_Maria,1.0,1.0,1.0
887,887,18029,Dearborn,INDIANA,Flooding:Severe_Weather_2017_April:May_Midwest:Central:Southeast,0.9946913580246914,0.9866666666666666,0.9988888888888889
888,888,18071,Jackson,INDIANA,Flooding:Severe_Weather_2017_April:May_Midwest:Central:Southeast,0.03333333333333333,0.04777777777777778,0.012222222222222223
892,892,13253,Seminole,GEORGIA,Hurricane_2017_Irma,0.1658024691358025,0.21666666666666667,0.21555555555555556
894,894,06101,Sutter,CALIFORNIA,Wildfires_2017_CA,1.0,1.0,1.0
900,900,13237,Putnam,GEORGIA,Hurricane_2017_Irma,0.0,0.0,0.0
902,902,12049,Hardee,FLORIDA,Hurricane_2017_Irma,0.07765432098765432,0.1311111111111111,0.13444444444444445
906,906,48025,Bee,TEXAS,Hurricane_2017_Harvey,0.13469135802469137,0.2066666666666667,0.2466666666666667
910,910,13007,Baker,GEORGIA,Hurricane_2017_Irma,0.0,0.0,0.0
920,920,21203,Rockcastle,KENTUCKY,Severe_Weather_2017_CO:OK:TX:NM:MO,0.0049382716049382715,0.016666666666666666,0.043333333333333335
922,922,13055,Chattooga,GEORGIA,Flooding:Severe_Weather_2017_April:May_Midwest:Central:Southeast,0.004567901234567901,0.06888888888888889,0.01
923,923,13055,Chattooga,GEORGIA,Hurricane_2017_Irma,0.0,0.0,0.0
925,925,72007,Aguas Buenas,PUERTO RICO,Hurricane_2017_Maria,0.36160493827160495,0.3877777777777778,0.33222222222222225
928,928,13087,Decatur,GEORGIA,Hurricane_2017_Irma,0.0,0.0,0.0
936,936,54067,Nicholas,WEST VIRGINIA,Flooding:Severe_Weather_2017_April:May_Midwest:Central:Southeast,0.0,0.0,0.0
937,937,40053,Grant,OKLAHOMA,Severe_Weather_2017_South:Southeast:TX:OK:TN:KY:MS:AL,0.0,0.0,0.0
939,939,35001,Bernalillo,NEW MEXICO,Severe_Weather_2017_CO:OK:TX:NM:MO,0.01493827160493827,0.013333333333333332,0.042222222222222223
942,942,21191,Pendleton,KENTUCKY,Flooding:Severe_Weather_2017_April:May_Midwest:Central:Southeast,1.0,1.0,1.0
956,956,12077,Liberty,FLORIDA,Hurricane_2017_Irma,0.0,0.0,0.0
960,960,21073,Franklin,KENTUCKY,Flooding:Severe_Weather_2017_April:May_Midwest:Central:Southeast,0.0037037037037037034,0.07111111111111111,0.011111111111111112
961,961,13217,Newton,GEORGIA,Hurricane_2017_Irma,0.0,0.0,0.0
969,969,18097,Marion,INDIANA,Flooding:Severe_Weather_2017_April:May_Midwest:Central:Southeast,1.0,1.0,1.0
972,972,05017,Chicot,ARKANSAS,Severe_Weather_2017_South:Southeast:TX:OK:TN:KY:MS:AL,0.9991358024691359,1.0,1.0
978,978,05089,Marion,ARKANSAS,Flooding:Severe_Weather_2017_April:May_Midwest:Central:Southeast,0.9161728395061729,0.8877777777777777,0.8200000000000001
979,979,05089,Marion,ARKANSAS,Severe_Weather_2017_CO:OK:TX:NM:MO,0.9780246913580247,0.9877777777777779,0.9188888888888889
982,982,39173,Wood,OHIO,Flooding:Severe_Weather_2017_April:May_Midwest:Central:Southeast,0.0,0.0022222222222222222,0.0
996,996,47021,Cheatham,TENNESSEE,Hurricane_2017_Harvey,0.0032098765432098768,0.06333333333333334,0.006666666666666666
1001,1001,12061,Indian River,FLORIDA,Hurricane_2017_Irma,0.0,0.0,0.0
1006,1006,28049,Hinds,MISSISSIPPI,Tornadoes_2017_South:Southeast,0.004074074074074075,0.07222222222222223,0.005555555555555556
1015,1015,28033,DeSoto,MISSISSIPPI,Hurricane_2017_Harvey,0.004197530864197531,0.07444444444444445,0.0044444444444444444
1021,1021,13153,Houston,GEORGIA,Hurricane_2017_Harvey,0.0,0.0,0.0
1026,1026,13191,McIntosh,GEORGIA,Hurricane_2017_Irma,0.024074074074074074,0.0044444444444444444,0.052222222222222225
1028,1028,13207,Monroe,GEORGIA,Tornadoes_2017_South:Southeast,0.0,0.0,0.0
1034,1034,22001,Acadia,LOUISIANA,Hurricane_2017_Harvey,0.0,0.0,0.0
1040,1040,18175,Washington,INDIANA,Flooding:Severe_Weather_2017_April:May_Midwest:Central:Southeast,0.0,0.0,0.0
1049,1049,47119,Maury,TENNESSEE,Hurricane_2017_Harvey,0.0035802469135802466,0.07333333333333333,0.010000000000000002
1053,1053,05111,Poinsett,ARKANSAS,Flooding:Severe_Weather_2017_April:May_Midwest:Central:Southeast,1.0,1.0,1.0
1058,1058,13009,Baldwin,GEORGIA,Tornadoes_2017_South:Southeast,0.0001234567901234568,0.0,0.0022222222222222222
1060,1060,12073,Leon,FLORIDA,Hurricane_2017_Irma,0.0,0.0,0.0
1070,1070,06021,Glenn,CALIFORNIA,Wildfires_2017_CA,0.0,0.0,0.0
1073,1073,54059,Mingo,WEST VIRGINIA,Flooding:Severe_Weather_2017_April:May_Midwest:Central:Southeast,0.0,0.008888888888888889,0.0
1092,1092,21233,Webster,KENTUCKY,Flooding:Severe_Weather_2017_April:May_Midwest:Central:Southeast,0.0044444444444444444,0.06444444444444446,0.014444444444444446
